No.,name,address,score,tags,distance,price:lunch,price:dinner
2,老北京羊蝎子,東京都新宿区西早稲田2-11-13 第一山武ビル 2F,3.16,中華料理、中国鍋??火鍋、居酒屋,面影橋駅 363m,～￥999,"￥2,000～￥2,999"
3,餃子酒場たっちゃん西早稲田店,東京都新宿区西早稲田2-18-23,3.24,餃子、居酒屋、もつ鍋,面影橋駅 342m,"￥1,000～￥1,999","￥2,000～￥2,999"
4,口福西早稲田店,東京都新宿区西早稲田3-20-2 中岡ビル 1F,3.38,中華料理、居酒屋、つけ麺,面影橋駅 308m,～￥999,"￥1,000～￥1,999"
5,えんじ,東京都新宿区西早稲田3-21-3 ZF1ビル B1F,3.05,日本酒バー、居酒屋、割烹??小料理,面影橋駅 338m,-,"￥4,000～￥4,999"
6,グッドモーニングカフェ早稲田店,東京都新宿区西早稲田1-9-12 大隈スクエアビル 1F,3.24,イタリアン、ピザ、カフェ,早稲田（都電）駅 204m,～￥999,"￥2,000～￥2,999"
7,うだつ食堂,東京都新宿区西早稲田1-11-1,3.2,ラーメン、つけ麺、餃子,早稲田（都電）駅 421m,～￥999,～￥999
8,香港居酒屋華翠苑,東京都新宿区西早稲田2-18-26 東龍ビル,3.22,居酒屋、餃子、中華麺（その他）,面影橋駅 339m,～￥999,"￥3,000～￥3,999"
9,東京麺珍亭本舗西早稲田店,東京都新宿区西早稲田2-3-25,3.43,油そば、ラーメン、中華麺（その他）,早稲田（メトロ）駅 423m,～￥999,～￥999
10,鉄板焼さくら,東京都新宿区西早稲田3-29-7,3.59,鉄板焼き、ステーキ、ダイニングバー,高田馬場駅 604m,-,"￥8,000～￥9,999"
11,羊のロッヂ,東京都新宿区西早稲田3-19-3,3.36,ジンギスカン、焼肉、鍋（その他）,面影橋駅 305m,"￥1,000～￥1,999","￥4,000～￥4,999"
12,カフェ・ラグーン,東京都新宿区西早稲田3-15-3 パラディア西早稲田 Ｂ１Ｆ,3.03,ダイニングバー、イタリアン、バイキング,面影橋駅 311m,"￥3,000～￥3,999","￥3,000～￥3,999"
13,みんなのビストロtomo'z,東京都新宿区西早稲田1-9-8 レオナール西早稲田 1F,3.22,バル??バール、オムライス、ダイニングバー,早稲田（都電）駅 248m,～￥999,"￥2,000～￥2,999"
14,次郎亭,東京都新宿区西早稲田3-27-4 キャラット河俣　Ｂ１Ｆ,3.15,沖縄料理、沖縄そば、居酒屋,面影橋駅 347m,-,"￥3,000～￥3,999"
15,鳥でん,東京都新宿区西早稲田3-27-4 第1キャラット河俣 B1F,3.07,焼鳥、日本酒バー、和食（その他）,面影橋駅 357m,-,"￥5,000～￥5,999"
16,波風タテヲ,東京都新宿区西早稲田2-20-5 アトラスタワー 1F,3.14,ラーメン,西早稲田駅 74m,～￥999,～￥999
17,ムーンウォーク西早稲田店,東京都新宿区西早稲田2-18-22 上地ビル1F,3.01,バー,面影橋駅 343m,-,"￥1,000～￥1,999"
18,燃えるポチャ,東京都新宿区西早稲田3-20-4 金子ビル 2F,3.03,韓国料理,面影橋駅 254m,-,"￥2,000～￥2,999"
19,GB'sCAFE早稲田店,東京都新宿区西早稲田2-3-24 ウエダビル102,3.08,ダイニングバー、居酒屋、バー,早稲田（メトロ）駅 439m,～￥999,～￥999
20,モンテ,東京都新宿区西早稲田2-4-16 エスユービル 1F,3.55,ビストロ,早稲田（都電）駅 387m,"￥1,000～￥1,999","￥3,000～￥3,999"
21,立ちスパアッパーカット早稲田店,東京都新宿区西早稲田3-19-1,3.09,パスタ,面影橋駅 303m,～￥999,～￥999
22,沖縄食堂,東京都新宿区西早稲田1-8-18,3.04,沖縄料理、沖縄そば、自然食,早稲田（都電）駅 221m,～￥999,-
23,さど,東京都新宿区西早稲田2-4-4,3.06,定食??食堂,早稲田（都電）駅 446m,～￥999,-
24,ステップ,東京都新宿区西早稲田2-20-3 稲垣ビル 2F,3.14,喫茶店、オムライス、カフェ??喫茶（その他）,西早稲田駅 51m,～￥999,-
25,ウィークック,東京都新宿区西早稲田2-16-17 NKビル 1F,3,メキシコ料理、カフェ,面影橋駅 346m,～￥999,-
26,Bar軍艦島,東京都新宿区西早稲田2-18-21 ハシバビル２F,3.13,バー、焼酎バー、バー??お酒（その他）,面影橋駅 344m,-,"￥1,000～￥1,999"
27,西東詩集,東京都新宿区西早稲田3-15-5,3.18,コーヒー専門店、カフェ,面影橋駅 304m,～￥999,-
28,ヤミツキカリー早稲田店,東京都新宿区西早稲田3-15-7 レジデンス原田苑　１Ｆ,3.51,カレー（その他）、カレーライス,面影橋駅 280m,～￥999,～￥999
29,とおる寿司,東京都新宿区西早稲田3-29-7,3,寿司,面影橋駅 346m,-,"￥3,000～￥3,999"
30,麺屋こころ高田馬場店,東京都新宿区西早稲田2-21-7,3.44,ラーメン、台湾まぜそば、油そば,西早稲田駅 282m,～￥999,～￥999
31,モスバーガー西早稲田店,東京都新宿区西早稲田1-9-19,3.01,ハンバーガー,早稲田（都電）駅 165m,～￥999,-
32,ダルシムカリー,東京都新宿区西早稲田1-9-17,3.61,カレーライス、インドカレー,早稲田（都電）駅 148m,～￥999,～￥999
33,CoCo壱番屋新宿早稲田通店,東京都新宿区西早稲田2-18-23,3.03,カレーライス,面影橋駅 346m,～￥999,～￥999
34,名古屋うどん早稲田本店,東京都新宿区西早稲田3-13-3,3.15,うどん、カレーうどん,面影橋駅 335m,"￥1,000～￥1,999",-
35,ローソン西早稲田駅前店,東京都新宿区西早稲田2-20-9,3.04,その他,西早稲田駅 137m,-,～￥999
36,タカダノババジェットロボット,東京都新宿区西早稲田3-28-1 RICOSビル B1F,3.03,その他,面影橋駅 375m,-,"￥2,000～￥2,999"
37,ベトバル,東京都新宿区西早稲田3-20-4 金子ビル 2F,3.38,ベトナム料理、バル??バール、カフェ,面影橋駅 316m,～￥999,"￥2,000～￥2,999"
38,口中ズルムケBARお前まんまるやん,東京都新宿区西早稲田3-28-1,3.16,たこ焼き、バー,面影橋駅 373m,-,～￥999
39,らーめん一条,東京都新宿区西早稲田1-8-20 高橋ビル 1F,3.42,ラーメン,早稲田（都電）駅 249m,～￥999,～￥999
40,都電テーブル早稲田,東京都新宿区西早稲田1-8-10 前田ビル101,3.02,定食??食堂、居酒屋??ダイニングバー（その他）,早稲田（都電）駅 227m,"￥1,000～￥1,999","￥6,000～￥7,999"
41,風花,東京都新宿区西早稲田2-8-17,3.03,ダイニングバー,西早稲田駅 370m,-,"￥3,000～￥3,999"
42,升や,東京都新宿区西早稲田3-29-5,3.03,割烹??小料理,面影橋駅 351m,-,"￥3,000～￥3,999"
43,BarJubilant,東京都新宿区西早稲田2-18-19 YokeⅤ　2F,3.13,バー、ダイニングバー、オムライス,西早稲田駅 374m,-,"￥2,000～￥2,999"
44,カフェクリオ,東京都新宿区西早稲田1-6-1 早稲田キャンパス1号館 1F 早稲田歴史館,3.05,カフェ,早稲田（都電）駅 341m,"￥1,000～￥1,999",-
45,ティーヌン西早稲田本店,東京都新宿区西早稲田2-18-25 横川ビル　１Ｆ,3.09,タイ料理、タイカレー、ラーメン,面影橋駅 338m,～￥999,"￥1,000～￥1,999"
46,キッチンブン,東京都新宿区西早稲田1-8-20,3.2,洋食,早稲田（都電）駅 250m,～￥999,-
47,北海道おはぎよしかわ,東京都新宿区西早稲田2-1-7,3.24,和菓子,早稲田（メトロ）駅 318m,～￥999,-
48,アララカララ,東京都新宿区西早稲田1-9-6,3.14,喫茶店、カフェ、欧風カレー,早稲田（都電）駅 267m,～￥999,～￥999
49,岸,東京都新宿区西早稲田3-20-4 金子ビル 2F,3.04,居酒屋、居酒屋??ダイニングバー（その他）、焼酎バー,面影橋駅 316m,-,"￥2,000～￥2,999"
50,キジー高田馬場店,東京都新宿区西早稲田2-18-23,3.08,もんじゃ焼き、お好み焼き,面影橋駅 346m,"￥1,000～￥1,999","￥2,000～￥2,999"
51,デュマン,東京都新宿区西早稲田3-11-6 コアハイム西早稲田 1F,3.03,洋菓子（その他）,面影橋駅 283m,～￥999,-
52,サニーサイド,東京都新宿区西早稲田3-28-1 理工社ビル 2F,3.03,バー??お酒（その他）、バー,面影橋駅 375m,-,"￥4,000～￥4,999"
53,WASEDAや,東京都新宿区西早稲田3-19-1,3.25,定食??食堂,面影橋駅 303m,～￥999,～￥999
54,甘露,東京都新宿区西早稲田3-14-11,3.09,カフェ、中国茶専門店、薬膳,面影橋駅 328m,"￥1,000～￥1,999",-
55,中国料理東北風味東北餃子房,東京都新宿区西早稲田2-18-21 １Ｆ,3.39,中華料理,面影橋駅 345m,～￥999,"￥1,000～￥1,999"
56,焼肉市場湯野精肉店,東京都新宿区西早稲田2-20-5 2F,3.16,焼肉、弁当,西早稲田駅 88m,～￥999,"￥4,000～￥4,999"
57,ネッコカフェ,東京都新宿区西早稲田2-18-21 羽柴ビル202,3,カフェ,面影橋駅 345m,～￥999,-
58,柳屋銀次郎,東京都新宿区西早稲田2-4-25 ハイネス西早稲田 1F,3.12,ラーメン,早稲田（都電）駅 410m,～￥999,～￥999
59,呑み食い処浅ちゃんち,東京都新宿区西早稲田1-4,3.02,居酒屋,早稲田（都電）駅 333m,-,"￥1,000～￥1,999"
60,ターリー屋西早稲田店,東京都新宿区西早稲田1-6-3  IT'S BUNMEIDOビル1F,3.05,インドカレー、インド料理,早稲田（都電）駅 163m,～￥999,-
61,宣喜茶西早稲田店,東京都新宿区西早稲田2-4-18,3.02,スイーツ（その他）、カフェ,早稲田（都電）駅 374m,～￥999,-
62,大昌苑,東京都新宿区西早稲田2-5-12 ザ??ステージ早稲田1F,3.08,焼肉、韓国料理,早稲田（都電）駅 415m,-,"￥5,000～￥5,999"
63,八幡鮨,東京都新宿区西早稲田3-1-1,3.24,寿司、魚介料理??海鮮料理,早稲田（都電）駅 341m,"￥1,000～￥1,999","￥10,000～￥14,999"
64,aunt,東京都新宿区西早稲田3-15-2 1F,3.15,和食（その他）、喫茶店、カフェ,面影橋駅 317m,～￥999,-
65,ニュースクール,東京都新宿区西早稲田2-1-17,3.06,定食??食堂、カフェ??喫茶（その他）、居酒屋,早稲田（メトロ）駅 317m,～￥999,"￥3,000～￥3,999"
66,フロム??ハンド??トゥ??マウス,東京都新宿区西早稲田1-4-14 １Ｆ,3.07,無国籍料理、カフェ、ケーキ,早稲田（都電）駅 339m,～￥999,～￥999
67,WILDラーメン,東京都新宿区西早稲田2-18-25,3.15,ラーメン,面影橋駅 339m,～￥999,～￥999
68,隴垣金城　蘭州清湯牛肉面,東京都新宿区西早稲田1丁目9-10 扶桑ハイツ早稲田１F,3.09,ラーメン,早稲田（都電）駅 216m,～￥999,～￥999
69,博多一風堂高田馬場店,東京都新宿区西早稲田2-15-7,3.21,ラーメン,面影橋駅 340m,～￥999,"￥1,000～￥1,999"
70,CHANGCHANCAFE,東京都新宿区西早稲田2-20-5,3.05,カフェ,西早稲田駅 88m,～￥999,～￥999
71,カフェ??ベローチェ西早稲田店,東京都新宿区西早稲田2-21-16 高田馬場EKKビル １Ｆ,3.03,カフェ,西早稲田駅 364m,～￥999,～￥999
72,やってまれ酒場稲郷,東京都新宿区西早稲田3-12-4 サンハイツ早稲田　２Ｆ,3.07,居酒屋,面影橋駅 357m,～￥999,-
73,金の鈴,東京都新宿区西早稲田1-4-14 大井ビル　２Ｆ,3,うどん、丼もの（その他）、居酒屋,早稲田（都電）駅 339m,～￥999,-
74,えぞ菊戸塚店,東京都新宿区西早稲田3-21-18,3.45,ラーメン,面影橋駅 320m,～￥999,～￥999
75,水無月西早稲田店,東京都新宿区西早稲田2-20-5 2F,3.03,ハンバーグ、定食??食堂,西早稲田駅 45m,～￥999,-
76,浅野屋,東京都新宿区西早稲田3-27-4 第１キャラット河俣　１Ｆ,3.19,そば、割烹??小料理,面影橋駅 347m,"￥1,000～￥1,999","￥1,000～￥1,999"
77,十文字,東京都新宿区西早稲田1-4-17,3.07,ラーメン、つけ麺、油そば,早稲田（都電）駅 324m,～￥999,-
78,近江熟成醤油十二分屋早稲田店,東京都新宿区西早稲田2-10-15 松村ビル 1F,3.53,ラーメン、つけ麺、油そば,面影橋駅 370m,-,"￥1,000～￥1,999"
79,イトウベーカリー,東京都新宿区西早稲田1-10-7,3.2,パン、サンドイッチ、パン??サンドイッチ（その他）,早稲田（都電）駅 288m,～￥999,～￥999
80,まつざか,東京都新宿区西早稲田3-29-4,3.26,定食??食堂,面影橋駅 359m,-,～￥999
81,ワセダベーカリー,東京都新宿区西早稲田2-20-3,3.2,パン、カフェ,西早稲田駅 54m,～￥999,-
82,CafeVG,東京都新宿区西早稲田1-1-8,3.18,カフェ、バー、ダイニングバー,早稲田（メトロ）駅 227m,～￥999,"￥2,000～￥2,999"
83,元祖一条流がんこ西早稲田,東京都新宿区西早稲田3-15-7,3.52,ラーメン,面影橋駅 280m,-,～￥999
84,ほっともっと西早稲田店,東京都新宿区西早稲田1-13-8,3.01,弁当,早稲田（都電）駅 182m,～￥999,-
85,早稲田のこだわり屋,東京都新宿区西早稲田1-20-10,3.15,弁当,早稲田（都電）駅 137m,～￥999,-
86,図星はなれ,東京都新宿区西早稲田1-1-8 木村ビル 2F,3.07,油そば、かき氷,早稲田（メトロ）駅 226m,～￥999,～￥999
87,福台風味城,東京都新宿区西早稲田2-1-19 YKビル 1F,3.01,台湾料理,早稲田（メトロ）駅 339m,-,"￥3,000～￥3,999"
88,三品食堂,東京都新宿区西早稲田1-4-25,3.38,カレーライス、とんかつ、牛丼,早稲田（都電）駅 307m,～￥999,-
89,バルDESSE,東京都新宿区西早稲田1-8-18,3.26,バル??バール、イタリアン、ワインバー,早稲田（都電）駅 232m,-,"￥2,000～￥2,999"
90,花蓮,東京都新宿区西早稲田2-5-12,3.07,中華料理,早稲田（都電）駅 414m,～￥999,-
91,豚豚豚,東京都新宿区西早稲田1-9-13,3.11,韓国料理,早稲田（都電）駅 170m,"￥1,000～￥1,999",～￥999
92,いねや本館,東京都新宿区西早稲田1丁目4-18,3.08,弁当,早稲田（都電）駅 322m,～￥999,～￥999
93,源兵衛,東京都新宿区西早稲田2-9-13,3.52,居酒屋、焼鳥、定食??食堂,面影橋駅 411m,"￥1,000～￥1,999","￥1,000～￥1,999"
94,かわうち,東京都新宿区西早稲田2-3-22,3.07,居酒屋、定食??食堂,早稲田（都電）駅 434m,～￥999,-
95,マーブ,東京都新宿区西早稲田2-6-16,3.3,ケーキ,早稲田（都電）駅 488m,～￥999,～￥999
96,新宿つかさ,東京都新宿区西早稲田3-28-1 佐藤ビル B1F,3.09,居酒屋,面影橋駅 375m,"￥1,000～￥1,999",～￥999
97,アットン,東京都新宿区西早稲田1丁目22-2,3.06,イタリアン,早稲田（都電）駅 65m,"￥1,000～￥1,999","￥5,000～￥5,999"
98,宝美楼,東京都新宿区西早稲田3-1-6,3.01,中華料理,早稲田（都電）駅 362m,"￥1,000～￥1,999","￥1,000～￥1,999"
99,らぁ麺やまぐち,東京都新宿区西早稲田3-13-4 1F,3.83,ラーメン,面影橋駅 337m,"￥1,000～￥1,999","￥1,000～￥1,999"
100,志乃ぶ,東京都新宿区西早稲田1-19-17,3.53,おでん,早稲田（都電）駅 114m,-,"￥2,000～￥2,999"
101,カフェドペル,東京都新宿区西早稲田2-16-17 NKビル1F,3.09,カフェ、パフェ,面影橋駅 354m,"￥1,000～￥1,999",-
102,居酒屋大樽,東京都新宿区西早稲田1-13-3,3.03,居酒屋,早稲田（都電）駅 241m,-,"￥3,000～￥3,999"
103,野郎ラーメン西早稲田店,東京都新宿区西早稲田3-20-4 金子ビル 1F,3.03,ラーメン、つけ麺、餃子,面影橋駅 316m,～￥999,～￥999
104,浅野屋,東京都新宿区西早稲田1-9-9,3.17,そば、かつ丼??かつ重、カレーライス,早稲田（都電）駅 228m,-,"￥1,000～￥1,999"
105,ファミリーマート早稲田大学店,東京都新宿区西早稲田1-6-1,3,その他,早稲田（都電）駅 312m,～￥999,-
106,安楽亭西早稲田店,東京都新宿区西早稲田3-29-11 小泉ビル　２Ｆ,3.04,焼肉、ホルモン,面影橋駅 303m,"￥2,000～￥2,999","￥3,000～￥3,999"
107,生協グランド坂食堂,東京都新宿区西早稲田1-5,3.06,学生食堂、カレーライス、そば,早稲田（都電）駅 268m,～￥999,-
108,ソウル焼肉,東京都新宿区西早稲田1-13-5,3.03,焼肉、韓国料理,早稲田（都電）駅 207m,～￥999,-
109,オモテナシャモジ,東京都新宿区西早稲田3-28-1 リコスビル 1F,3.05,カフェ,面影橋駅 375m,"￥1,000～￥1,999",-
110,紅梅,東京都新宿区西早稲田2-4-26,3.05,和食（その他）,早稲田（都電）駅 423m,～￥999,-
111,キッチンミキ,東京都新宿区西早稲田1-20-10,3.47,定食??食堂、ハンバーグ、オムライス,早稲田（都電）駅 146m,～￥999,-
112,MARON,東京都新宿区西早稲田2-19-12,3.18,パン,西早稲田駅 162m,～￥999,～￥999
113,トラットリアダイパエサーニ,東京都新宿区西早稲田2-18-19,3.69,イタリアン、ワインバー、パスタ,面影橋駅 354m,"￥1,000～￥1,999","￥4,000～￥4,999"
114,アジアンダイニングバープジャ,東京都新宿区西早稲田1-16-8 フェニックス早稲田 2F,3.16,インド料理,早稲田（都電）駅 68m,～￥999,-
115,やぶ,東京都新宿区西早稲田1-17-9,3.01,そば,早稲田（都電）駅 123m,"￥1,000～￥1,999",-
116,スパイスカレー&カフェセント,東京都新宿区西早稲田2-11-13,3.5,カレーライス、カフェ,面影橋駅 358m,"￥1,000～￥1,999","￥1,000～￥1,999"
117,OTTO,東京都新宿区西早稲田2-15-4 101,3.04,パスタ,面影橋駅 362m,～￥999,-
118,麻の葉,東京都新宿区西早稲田2-1-4 鈴木ビル　１Ｆ,3.52,創作料理、居酒屋,早稲田（メトロ）駅 348m,～￥999,"￥3,000～￥3,999"
119,喫茶タビビトの木,東京都新宿区西早稲田2-1-2,3.1,カフェ,早稲田（メトロ）駅 381m,～￥999,"￥1,000～￥1,999"
120,アプサラレストラン&バー,東京都新宿区西早稲田3-19-1 いせかねビル１階,3.6,スリランカ料理、カレー（その他）、ダイニングバー,面影橋駅 303m,"￥1,000～￥1,999","￥1,000～￥1,999"
121,たきたて早稲田店,東京都新宿区西早稲田1丁目8-19,3.01,弁当,早稲田（都電）駅 242m,～￥999,-
122,焼鳥はちまん,東京都新宿区西早稲田3-1-1 八幡鮨　Ｂ１Ｆ,3.73,焼鳥、鳥料理,早稲田（都電）駅 338m,"￥5,000～￥5,999","￥4,000～￥4,999"
123,まぜまぜ麺OKAJi,東京都新宿区西早稲田3-13-2 岡田ビル 1F,3.01,油そば,面影橋駅 348m,～￥999,"￥1,000～￥1,999"
124,早大生協ライフセンター店,東京都新宿区西早稲田1-6-1 早稲田キャンパス 17号館 1F,3,その他,早稲田（都電）駅 249m,～￥999,-
125,タイ居酒屋　藤田,東京都新宿区西早稲田2-4-19,3.23,タイ料理、カフェ,早稲田（都電）駅 378m,～￥999,"￥2,000～￥2,999"
126,ヴィア,東京都新宿区西早稲田2-3-21,3.08,喫茶店、居酒屋??ダイニングバー（その他）、パブ,早稲田（都電）駅 453m,-,"￥4,000～￥4,999"
127,串衛,東京都新宿区西早稲田2-21-4,3.39,居酒屋,西早稲田駅 248m,-,"￥5,000～￥5,999"
128,バークロウ,東京都新宿区西早稲田2-20-3 2F,3.06,バー,西早稲田駅 52m,-,"￥1,000～￥1,999"
129,伊勢屋,東京都新宿区西早稲田2-18-20 ５０１,3.34,甘味処、ラーメン、定食??食堂,面影橋駅 353m,～￥999,-
130,田川,東京都新宿区西早稲田3-13-9,3.21,うなぎ,面影橋駅 299m,"￥2,000～￥2,999",-
131,バーインセンス,東京都新宿区西早稲田3-20-4,3.07,バー、居酒屋、ビアバー,面影橋駅 316m,-,"￥3,000～￥3,999"
132,Vplus,東京都新宿区西早稲田3-15-1 OK Bld. 1F,3.02,バル??バール、ワインバー、イタリアン,面影橋駅 313m,-,"￥4,000～￥4,999"
133,鷹ばん,東京都新宿区西早稲田1-19-16 早稲田大山ビル,3.06,居酒屋,早稲田（都電）駅 95m,-,"￥3,000～￥3,999"
134,大連厨房,東京都新宿区西早稲田3-20-4 金子ビル 2F,3.02,中華料理,面影橋駅 316m,～￥999,"￥1,000～￥1,999"
135,萬ち亭,東京都新宿区西早稲田3-13-3 CRE西早稲田3丁目ビル 1F,3.16,とんかつ、かつ丼??かつ重、カレーライス,面影橋駅 344m,～￥999,-
136,ハイドアウト,東京都新宿区西早稲田2-5-14 みよしビル2F,3.03,洋食??欧風料理（その他）,早稲田（都電）駅 392m,-,"￥2,000～￥2,999"
137,forucafe,東京都新宿区西早稲田2-4-26 1F,3.05,カフェ、パン??サンドイッチ（その他）、コーヒー専門店,早稲田（都電）駅 429m,～￥999,"￥1,000～￥1,999"
138,兼六寿司,東京都新宿区西早稲田2-10-18-104,3.07,寿司,面影橋駅 405m,～￥999,-
139,東京スミス,東京都新宿区西早稲田3-21-2 2F,3.05,バー,面影橋駅 331m,-,"￥2,000～￥2,999"
140,海鮮どんぶり屋梁川,東京都新宿区西早稲田1-22-2,3.21,居酒屋、魚介料理??海鮮料理、海鮮丼,早稲田（都電）駅 76m,-,"￥3,000～￥3,999"
141,焼肉大盛屋,東京都新宿区西早稲田1-15-3,3.03,焼肉,早稲田（都電）駅 79m,-,"￥4,000～￥4,999"
142,油麺にこにこ,東京都新宿区西早稲田1-8-8,3.01,ラーメン,早稲田（都電）駅 189m,～￥999,-
143,丼丸西早稲田店,東京都新宿区西早稲田3-13-3,3.02,海鮮丼,面影橋駅 343m,～￥999,-
144,我羅奢,東京都新宿区西早稲田2-21-6 斎藤ビル　１F,3.52,ラーメン、油そば,西早稲田駅 276m,～￥999,～￥999
145,安兵衛,東京都新宿区西早稲田2-15-10,3.21,寿司,面影橋駅 352m,"￥3,000～￥3,999",-
146,茶々工房,東京都新宿区西早稲田2-21-19,3.51,日本茶専門店、カフェ、甘味処,西早稲田駅 330m,～￥999,～￥999
147,アジアミャンマー料理メルティン,東京都新宿区西早稲田2-18-25 横川ビル 2F,3.02,東南アジア料理（その他）、カレー（その他）、居酒屋,面影橋駅 339m,-,"￥1,000～￥1,999"
148,尾張屋,東京都新宿区西早稲田1-1-3,3.18,そば、かつ丼??かつ重、定食??食堂,早稲田（メトロ）駅 250m,～￥999,-
149,中国飯店佳里福,東京都新宿区西早稲田1-8-14 メゾン早稲田1F,3.21,中華料理,早稲田（都電）駅 157m,"￥1,000～￥1,999",-
150,LeCafeRETRO,東京都新宿区西早稲田2-1-18 １Ｆ??Ｂ１Ｆ,3.23,カフェ、イタリアン、ラウンジ,早稲田（メトロ）駅 328m,～￥999,"￥1,000～￥1,999"
151,三徳西早稲田店,東京都新宿区西早稲田3-12-5,3.13,弁当、デリカテッセン、和菓子,面影橋駅 366m,～￥999,～￥999
152,福源,東京都新宿区西早稲田1-13-26,3,中華料理,早稲田（都電）駅 273m,-,"￥3,000～￥3,999"
153,02cafe,東京都新宿区西早稲田1-4-18,3.08,喫茶店、コーヒー専門店、カフェ,早稲田（都電）駅 336m,～￥999,-
154,ママキムチ,東京都新宿区西早稲田1-9-9,3.09,韓国料理,早稲田（都電）駅 228m,～￥999,-
155,ムルシエラゴ,東京都新宿区西早稲田1-6-3 フェリオ西早稲田ビル 1F,3.07,カフェ,早稲田（都電）駅 157m,～￥999,"￥1,000～￥1,999"
156,諏訪金属,東京都新宿区西早稲田2-20-3 1F,3.18,ワインバー、バー,西早稲田駅 52m,-,"￥1,000～￥1,999"
157,伊丹亭,東京都新宿区西早稲田2-18-19,3.12,居酒屋,面影橋駅 355m,-,"￥4,000～￥4,999"
158,Bar壱岐,東京都新宿区西早稲田1-8-19 日興パレセゾン早稲田B 101,3.02,和食（その他）,早稲田（都電）駅 240m,-,"￥1,000～￥1,999"
159,幸せの時間,東京都新宿区西早稲田1-13-5 西早稲田ビル 1F,3.18,焼鳥、鳥料理,早稲田（都電）駅 208m,"￥1,000～￥1,999",-
160,坂,東京都新宿区西早稲田3-2-3,3.01,お好み焼き,早稲田（都電）駅 307m,-,"￥1,000～￥1,999"
161,VIVA!!!,東京都新宿区西早稲田2-20-5 1F,3.02,イタリアン、バル??バール、カフェ,西早稲田駅 85m,～￥999,"￥2,000～￥2,999"
162,インド&ネパール料理サントスティ,東京都新宿区西早稲田2-18-21 西早稲田K3ビル 1F,3.16,インド料理、ネパール料理、インドカレー,面影橋駅 345m,～￥999,"￥1,000～￥1,999"
163,サイゼリヤ西早稲田店,東京都新宿区西早稲田2-1-23 パシフィック西早稲田1F,3.01,ファミレス、イタリアン、パスタ,早稲田（メトロ）駅 409m,"￥1,000～￥1,999",～￥999
164,かどや食堂,東京都新宿区西早稲田1-6-3 フェリオ西早稲田 1F,3.02,居酒屋,早稲田（都電）駅 163m,～￥999,"￥2,000～￥2,999"
165,お食事処たかはし,東京都新宿区西早稲田1-1-5 滝口ビル　Ｂ１Ｆ,3.4,定食??食堂,早稲田（メトロ）駅 245m,～￥999,-
166,はなのあと,東京都新宿区西早稲田2-1-4,3.05,割烹??小料理,早稲田（メトロ）駅 348m,-,"￥4,000～￥4,999"
167,沖縄ダイニングヒロズカフェ,東京都新宿区西早稲田1-1-20,3.09,沖縄料理,早稲田（メトロ）駅 292m,"￥1,000～￥1,999",-
168,酔亭竹やま,東京都新宿区西早稲田1-16-8 虎屋ビル 1F,3.02,居酒屋,早稲田（都電）駅 66m,-,"￥1,000～￥1,999"
169,NENOi,東京都新宿区西早稲田2-4-26,3.05,カフェ,早稲田（都電）駅 428m,～￥999,-
170,エチオピアカリーキッチン高田馬場店,東京都新宿区西早稲田3-28-1 ミスミビル　１Ｆ,3.63,インドカレー、カレーライス、アジア??エスニック料理（その他）,面影橋駅 374m,～￥999,～￥999
171,Oidon,東京都新宿区西早稲田1-20-10 黒澤ビル 1F,3.09,カフェ、居酒屋、ビストロ,早稲田（都電）駅 134m,～￥999,"￥1,000～￥1,999"
172,ライブ&ダイニングバー音楽室DX,東京都新宿区西早稲田3-20-4 金子ビル B1F,3.01,バー??お酒（その他）,面影橋駅 316m,-,"￥2,000～￥2,999"
173,みちのく,東京都新宿区西早稲田3丁目29-3,3,居酒屋,面影橋駅 367m,-,"￥2,000～￥2,999"
174,石原松花堂西早稲田支店,東京都新宿区西早稲田3-21-2,3.07,和菓子,面影橋駅 338m,～￥999,-
175,ジャズナッティ,東京都新宿区西早稲田1-17-4,3.08,喫茶店,早稲田（都電）駅 123m,-,～￥999
176,Ilove豆花,東京都新宿区西早稲田3-21-5,3.34,カフェ、スイーツ（その他）,面影橋駅 331m,～￥999,～￥999
177,馬場小食堂,東京都新宿区西早稲田3-21-2 B1F,3.02,中華料理,面影橋駅 331m,-,～￥999
178,金城庵本館,東京都新宿区西早稲田1-18-15,3.4,そば、天丼??天重,早稲田（都電）駅 117m,～￥999,"￥1,000～￥1,999"
179,ホイッスルカフェ,東京都新宿区西早稲田2-10-18 パティオ西早稲田 1F,3.13,カフェ,面影橋駅 378m,～￥999,-
180,いなほ製菓,東京都新宿区西早稲田3-15-5,3.51,和菓子,面影橋駅 305m,～￥999,"￥1,000～￥1,999"
181,武蔵野アブラ学会早稲田総本店,東京都新宿区西早稲田1-18-12,3.02,油そば,早稲田（都電）駅 80m,～￥999,～￥999
182,早稲田's愛せんべい,東京都新宿区西早稲田2-18-22,3.33,和菓子,面影橋駅 342m,～￥999,-
183,サファル,東京都新宿区西早稲田1-8-12 1F,3,インドカレー、インド料理、ネパール料理,早稲田（都電）駅 147m,～￥999,-
184,andtsubame,東京都新宿区西早稲田3-15-1,3.08,カフェ,面影橋駅 313m,"￥1,000～￥1,999","￥1,000～￥1,999"
185,台湾料理美膳房刀削麺,東京都新宿区西早稲田3-28-3,3.08,台湾料理,面影橋駅 390m,-,"￥1,000～￥1,999"
186,アットホーム酒BAR酒美道場,東京都新宿区西早稲田2-18-25 横川ビル 201号,3.21,居酒屋、スポーツバー、バー,面影橋駅 339m,-,"￥2,000～￥2,999"
187,ラーメン巌哲,東京都新宿区西早稲田1-10-4,3.02,ラーメン,早稲田（都電）駅 294m,"￥1,000～￥1,999","￥1,000～￥1,999"
188,焼肉レストランニューエコー,東京都新宿区西早稲田1-8-14,3.79,焼肉、韓国料理、居酒屋,早稲田（都電）駅 162m,"￥1,000～￥1,999","￥2,000～￥2,999"
